{
  "project_info": {
    "project_number": "662026430536",
    "firebase_url": "https://tripnetra-extranet.firebaseio.com",
    "project_id": "tripnetra-extranet",
    "storage_bucket": "tripnetra-extranet.appspot.com"
  },
  "client": [
    {
      "client_info": {
        "mobilesdk_app_id": "1:662026430536:android:96f6248a2545e9e7",
        "android_client_info": {
          "package_name": "com.tripnetra.tripnetraextranet"
        }
      },
      "oauth_client": [
        {
          "client_id": "662026430536-mgmlhla8l92ceuoa3sm5gkt01jmbj9dh.apps.googleusercontent.com",
          "client_type": 3
        }
      ],
      "api_key": [
        {
          "current_key": "AIzaSyDOthd51al_JeFhKvKjA5eEBgSGQGrgHpw"
        }
      ],
      "services": {
        "analytics_service": {
          "status": 1
        },
        "appinvite_service": {
          "status": 1,
          "other_platform_oauth_client": []
        },
        "ads_service": {
          "status": 2
        }
      }
    }
  ],
  "configuration_version": "1"
}